[
    
    {
      "type": "mcq",
      "question": "What is your highest level of education?",
      "options": [
        "High School Diploma",
        "Associate's Degree",
        "Bachelor's Degree",
        "Master's Degree",
        "Doctoral Degree"
      ],
      "correctAnswer": ""
    },
    {
      "type": "mcq",
      "question": "What is your primary area of expertise within the pharmaceutical or energy industry?",
      "options": [
        "Research and Development",
        "Manufacturing and Production",
        "Quality Assurance and Control",
        "Regulatory Affairs",
        "Sales and Marketing",
        "Engineering and Operations",
        "Finance and Accounting",
        "Human Resources",
        "Information Technology",
        "Other"
      ],
      "correctAnswer": ""
    },
    {
      "type": "mcq",
      "question": "Which of the following best describes your current career stage?",
      "options": [
        "Entry-level",
        "Mid-level",
        "Senior-level",
        "Executive-level"
      ],
      "correctAnswer": ""
    },
    {
      "type": "mcq",
      "question": "How many years of experience do you have in your chosen field?",
      "options": [
        "Less than 1 year",
        "1-3 years",
        "3-5 years",
        "5-10 years",
        "10+ years"
      ],
      "correctAnswer": ""
    },
    {
      "type": "mcq",
      "question": "What is your preferred work environment?",
      "options": [
        "Office-based",
        "Remote",
        "Hybrid",
        "No preference"
      ],
      "correctAnswer": ""
    },
    {
      "type": "mcq",
      "question": "Are you comfortable working in a fast-paced, demanding environment?",
      "options": [
        "Yes",
        "No",
        "Somewhat"
      ],
      "correctAnswer": ""
    },
    {
      "type": "mcq",
      "question": "Do you have experience working with cross-functional teams?",
      "options": [
        "Yes",
        "No"
      ],
      "correctAnswer": ""
    },
    {
      "type": "mcq",
      "question": "Are you proficient in using industry-standard software tools?",
      "options": [
        "Yes",
        "No",
        "Some familiarity"
      ],
      "correctAnswer": ""
    },
    {
      "type": "mcq",
      "question": "Do you have any certifications or licenses relevant to your field?",
      "options": [
        "Yes",
        "No"
      ],
      "correctAnswer": ""
    },
    {
      "type": "paragraph",
      "question": "Please describe a challenging project you have worked on and the skills you utilized to overcome the obstacles. Briefly explain the outcome.",
      "options": [],
      "correctAnswer": ""
    },
    {
      "type": "mcq",
      "question": "What are your salary expectations?",
      "options": [
        "Entry-level",
        "Mid-level",
        "Senior-level",
        "Executive-level"
      ],
      "correctAnswer": ""
    },
    {
      "type": "mcq",
      "question": "Are you open to relocation for the right opportunity?",
      "options": [
        "Yes",
        "No"
      ],
      "correctAnswer": ""
    },
    {
      "type": "paragraph",
      "question": "What are your career aspirations? What are your long-term goals in the pharmaceutical or energy industry?",
      "options": [],
      "correctAnswer": ""
    },
    {
      "type": "paragraph",
      "question": "What are your preferred areas of research or development within the pharmaceutical or energy industry?",
      "options": [],
      "correctAnswer": ""
    },
    {
      "type": "paragraph",
      "question": "What are your strengths and weaknesses as a professional? How do you plan to leverage your strengths and address your weaknesses?",
      "options": [],
      "correctAnswer": ""
    },
    {
      "type": "mcq",
      "question": "Are you familiar with the latest trends and technologies in the pharmaceutical or energy industry?",
      "options": [
        "Yes",
        "No",
        "Some familiarity"
      ],
      "correctAnswer": ""
    },
    {
      "type": "mcq",
      "question": "How do you stay updated with industry advancements?",
      "options": [
        "Professional journals and publications",
        "Industry conferences and events",
        "Online courses and webinars",
        "Networking with colleagues and professionals",
        "Other"
      ],
      "correctAnswer": ""
    },
    {
      "type": "mcq",
      "question": "What are your preferred methods of communication? (e.g., email, phone, video conferencing)",
      "options": [
        "Email",
        "Phone",
        "Video conferencing",
        "Instant messaging",
        "No preference"
      ],
      "correctAnswer": ""
    },
    {
      "type": "mcq",
      "question": "Do you have any questions for us?",
      "options": [
        "Yes",
        "No"
      ],
      "correctAnswer": ""
    }
  ]